{"Hold":{"mu":{"index":85.8565701559,"pitch":0.2553612777,"pitchspeed":0.0041146901,"roll":-0.0035440735,"rollspeed":-0.0026366131,"xacc":275.2668151448,"yacc":2.5002227171,"yaw":-1.6619406468,"yawspeed":0.0011789732,"zacc":-967.0195991091},"prior":0.1419628178,"sig":{"index":49.8802747316,"pitch":0.0479245666,"pitchspeed":0.0243878318,"roll":0.0188067291,"rollspeed":0.0200379395,"xacc":114.808022309,"yacc":6.819458433,"yaw":0.1304686374,"yawspeed":0.0239264504,"zacc":38.772688359}},"Fly Orbit and Observe":{"mu":{"index":831.0429012346,"pitch":0.0830563208,"pitchspeed":0.0533882822,"roll":-0.050095232,"rollspeed":-0.0065734342,"xacc":67.111882716,"yacc":33.4566358025,"yaw":-0.3756491004,"yawspeed":0.0226750648,"zacc":-1070.4577160494},"prior":0.4097635007,"sig":{"index":426.6010917065,"pitch":0.1614526598,"pitchspeed":0.1605544949,"roll":0.3596754582,"rollspeed":0.1812949792,"xacc":185.9823623176,"yacc":58.3861887018,"yaw":1.8202234346,"yawspeed":0.18027073,"zacc":347.2239561934}},"Fly Search Pattern":{"mu":{"index":511.0106591865,"pitch":-0.0155856057,"pitchspeed":0.1134322527,"roll":-0.0116243903,"rollspeed":0.0126406245,"xacc":-20.7837307153,"yacc":32.0507713885,"yaw":-0.2573294795,"yawspeed":0.0074420392,"zacc":-1202.3410939691},"prior":0.2254331605,"sig":{"index":136.3783951557,"pitch":0.054473573,"pitchspeed":0.1933719032,"roll":0.5440186889,"rollspeed":0.2732414503,"xacc":68.3551132581,"yacc":61.6000682564,"yaw":1.6302374991,"yawspeed":0.1365127221,"zacc":416.9947729131}},"Survey Target":{"mu":{"index":750.203461975,"pitch":-0.0191377132,"pitchspeed":0.1273740895,"roll":0.4564121914,"rollspeed":-0.0058315015,"xacc":-18.4367196368,"yacc":-26.7633371169,"yaw":-0.0184814832,"yawspeed":0.1502407505,"zacc":-1191.0323496027},"prior":0.2228405211,"sig":{"index":207.9009507266,"pitch":0.0417904496,"pitchspeed":0.1090597058,"roll":0.3546264056,"rollspeed":0.1519481472,"xacc":47.2516916526,"yacc":38.8991892822,"yaw":1.8343763898,"yawspeed":0.0950191151,"zacc":243.4309009792}}}