{"Hold":{"mu":{"index":85.8359073359,"pitch":0.2578798452,"pitchspeed":0.0045396863,"roll":-0.0056774634,"rollspeed":-0.0031427965,"xacc":277.7471042471,"yacc":4.6891891892,"yaw":-1.6566356085,"yawspeed":0.0013742831,"zacc":-965.1196911197},"prior":0.1211129296,"sig":{"index":49.8963926963,"pitch":0.04802908,"pitchspeed":0.0264259431,"roll":0.018839152,"rollspeed":0.0205111695,"xacc":115.8035576589,"yacc":7.905505691,"yaw":0.1302257822,"yawspeed":0.023828606,"zacc":40.772961495}},"Fly Orbit and Observe":{"mu":{"index":969.9291925466,"pitch":0.0755527892,"pitchspeed":0.0550972616,"roll":-0.0241458303,"rollspeed":-0.0106318963,"xacc":63.8267080745,"yacc":33.301242236,"yaw":0.192784195,"yawspeed":0.0266568143,"zacc":-1071.9695652174},"prior":0.3764320786,"sig":{"index":463.3747608624,"pitch":0.1607153911,"pitchspeed":0.1680611385,"roll":0.3602883094,"rollspeed":0.1831599344,"xacc":183.8924765068,"yacc":53.9995908273,"yaw":1.8425502036,"yawspeed":0.1602025168,"zacc":360.5801153458}},"Fly Search Pattern":{"mu":{"index":524.035467128,"pitch":-0.0108100401,"pitchspeed":0.1113560857,"roll":-0.0153376307,"rollspeed":0.0140542031,"xacc":-16.1894463668,"yacc":30.8010380623,"yaw":-0.5522576387,"yawspeed":0.0062322202,"zacc":-1180.4878892734},"prior":0.2702829086,"sig":{"index":133.2817396256,"pitch":0.0540342596,"pitchspeed":0.1866444979,"roll":0.5324067737,"rollspeed":0.2586479523,"xacc":66.1318472588,"yacc":60.8660742499,"yaw":1.508450418,"yawspeed":0.1423999589,"zacc":372.0787851572}},"Survey Target":{"mu":{"index":872.8318227593,"pitch":-0.0176258525,"pitchspeed":0.1342780222,"roll":0.4336847812,"rollspeed":0.0000631885,"xacc":-15.501510574,"yacc":-21.7532729104,"yaw":0.0544874289,"yawspeed":0.1449360533,"zacc":-1196.4128902316},"prior":0.2321720832,"sig":{"index":157.6943147026,"pitch":0.0424070334,"pitchspeed":0.1086397331,"roll":0.4043688778,"rollspeed":0.1667009503,"xacc":54.8954307229,"yacc":43.5808082375,"yaw":1.8111727534,"yawspeed":0.1117337705,"zacc":237.1476901225}}}