{"Hold":{"mu":{"pitch":0.2671580019,"pitchspeed":0.0048208476,"roll":-0.0137822262,"rollspeed":-0.0028769262,"xacc":287.0402298851,"yacc":11.1666666667,"yaw":-1.642829832,"yawspeed":0.0003180899,"zacc":-959.3218390805},"sig":{"pitch":0.0492430496,"pitchspeed":0.0271138567,"roll":0.0221483445,"rollspeed":0.0230266517,"xacc":119.329696249,"yacc":6.560596453,"yaw":0.1284981405,"yawspeed":0.0260531378,"zacc":42.0466281914}},"Fly Orbit and Observe":{"mu":{"pitch":0.0755045443,"pitchspeed":0.0628784333,"roll":0.01260076,"rollspeed":-0.0118701669,"xacc":65.6846153846,"yacc":35.9519230769,"yaw":-0.1395325957,"yawspeed":0.0247004077,"zacc":-1094.8423076923},"sig":{"pitch":0.1640789015,"pitchspeed":0.1871607377,"roll":0.3952663093,"rollspeed":0.1981246475,"xacc":189.5077503203,"yacc":48.4790600581,"yaw":1.4355810607,"yawspeed":0.1089790496,"zacc":442.3391994591}},"Fly Search Pattern":{"mu":{"pitch":-0.0154289714,"pitchspeed":0.126919804,"roll":-0.0179287964,"rollspeed":0.022456202,"xacc":-21.3078703704,"yacc":44.2592592593,"yaw":-0.5743746726,"yawspeed":0.0082378737,"zacc":-1235.0162037037},"sig":{"pitch":0.0567078642,"pitchspeed":0.1996051039,"roll":0.5906246563,"rollspeed":0.2697493753,"xacc":72.4460284466,"yacc":65.2794628251,"yaw":1.5127500369,"yawspeed":0.1379416872,"zacc":454.0027568387}},"Survey Target":{"mu":{"pitch":-0.0175680953,"pitchspeed":0.1522549961,"roll":0.5606764789,"rollspeed":-0.0064851008,"xacc":-15.0396475771,"yacc":-24.2709251101,"yaw":0.0882859835,"yawspeed":0.1667025308,"zacc":-1241.8414096916},"sig":{"pitch":0.0221867026,"pitchspeed":0.0792061281,"roll":0.3439377128,"rollspeed":0.1612493303,"xacc":51.4452340954,"yacc":39.2390555378,"yaw":1.8645322866,"yawspeed":0.0825782386,"zacc":200.9655422866}}}