{"Hold":{"mu":{"index":87.7994269341,"pitch":0.2558460927,"pitchspeed":0.0049524064,"roll":-0.0039785845,"rollspeed":-0.0033693396,"xacc":275.111747851,"yacc":1.7421203438,"yaw":-1.6532646261,"yawspeed":-0.0003668535,"zacc":-969.2091690544},"prior":0.1283560132,"sig":{"index":50.4269689261,"pitch":0.0538468915,"pitchspeed":0.0254174336,"roll":0.0222567604,"rollspeed":0.0267505098,"xacc":114.9791665516,"yacc":5.6014137252,"yaw":0.1808725655,"yawspeed":0.0236847177,"zacc":33.597675868}},"Fly Orbit and Observe":{"mu":{"index":935.0010121457,"pitch":0.0771773989,"pitchspeed":0.0555067108,"roll":-0.0706682575,"rollspeed":-0.0022779643,"xacc":65.8188259109,"yacc":35.6396761134,"yaw":-0.4398557858,"yawspeed":0.0130205688,"zacc":-1071.2935222672},"prior":0.3633688856,"sig":{"index":523.3226991211,"pitch":0.1661726332,"pitchspeed":0.1600035475,"roll":0.3613058438,"rollspeed":0.1510642416,"xacc":191.5177913593,"yacc":56.0765662408,"yaw":1.7497688057,"yawspeed":0.1698608444,"zacc":330.5893004791}},"Fly Search Pattern":{"mu":{"index":735.0484668645,"pitch":-0.0097121866,"pitchspeed":0.0865815448,"roll":-0.010346151,"rollspeed":0.0093148955,"xacc":-16.2789317507,"yacc":27.8931750742,"yaw":-0.1108167066,"yawspeed":0.0064176337,"zacc":-1141.2146389713},"prior":0.3718278779,"sig":{"index":365.6441686184,"pitch":0.0425791563,"pitchspeed":0.1684198221,"roll":0.470438691,"rollspeed":0.2429127087,"xacc":54.9589526509,"yacc":54.4563996994,"yaw":1.6630003896,"yawspeed":0.1244037499,"zacc":334.2048734666}},"Survey Target":{"mu":{"index":744.2452830189,"pitch":-0.0147856327,"pitchspeed":0.1223883415,"roll":0.4048574717,"rollspeed":-0.006724437,"xacc":-18.692722372,"yacc":-21.8894878706,"yaw":0.0260737221,"yawspeed":0.1389701134,"zacc":-1180.3854447439},"prior":0.1364472232,"sig":{"index":202.6756474074,"pitch":0.0422997908,"pitchspeed":0.1151974197,"roll":0.3982552398,"rollspeed":0.1467524642,"xacc":49.7297281896,"yacc":44.5279890419,"yaw":1.8272090979,"yawspeed":0.1070757278,"zacc":251.3163607746}}}