{"Hold":{"mu":{"index":86.0,"pitch":0.253977916,"pitchspeed":0.0047720235,"roll":-0.0024117193,"rollspeed":-0.0030980352,"xacc":275.1445086705,"yacc":1.4624277457,"yaw":-1.6638096805,"yawspeed":0.0009565516,"zacc":-968.9653179191},"prior":0.1554357592,"sig":{"index":50.0849278726,"pitch":0.0478550685,"pitchspeed":0.0265333408,"roll":0.0188926327,"rollspeed":0.0192648322,"xacc":117.000829536,"yacc":6.3835752997,"yaw":0.1305552097,"yawspeed":0.0258438386,"zacc":41.5690649673}},"Fly Orbit and Observe":{"mu":{"index":741.126459144,"pitch":0.0968327135,"pitchspeed":0.0624688764,"roll":0.0258299011,"rollspeed":-0.0128332689,"xacc":81.7062256809,"yacc":21.826848249,"yaw":-1.0880727879,"yawspeed":0.0516069727,"zacc":-1085.0817120623},"prior":0.4618149146,"sig":{"index":317.5826603581,"pitch":0.1571797324,"pitchspeed":0.1838730115,"roll":0.3687895393,"rollspeed":0.2079863789,"xacc":174.0614858544,"yacc":65.7419728717,"yaw":1.6174846851,"yawspeed":0.2125922048,"zacc":373.5263978868}},"Fly Search Pattern":{"mu":{"index":378.5,"pitch":-0.0173643669,"pitchspeed":0.1140190624,"roll":-0.0787506649,"rollspeed":0.0060941207,"xacc":-19.8308823529,"yacc":28.9632352941,"yaw":1.1698316048,"yawspeed":-0.010760616,"zacc":-1152.5367647059},"prior":0.1221922731,"sig":{"index":39.4038915168,"pitch":0.0722862392,"pitchspeed":0.1829110788,"roll":0.5336063578,"rollspeed":0.2698000543,"xacc":83.6585259561,"yacc":60.9257481406,"yaw":1.3064483592,"yawspeed":0.1610971172,"zacc":313.2070172831}},"Survey Target":{"mu":{"index":591.5,"pitch":-0.0204231007,"pitchspeed":0.0771616628,"roll":0.4204618535,"rollspeed":0.0028419076,"xacc":-18.0448275862,"yacc":-29.5344827586,"yaw":0.024923313,"yawspeed":0.154259313,"zacc":-1090.7034482759},"prior":0.260557053,"sig":{"index":83.8600023849,"pitch":0.0335747951,"pitchspeed":0.0226899816,"roll":0.1102569707,"rollspeed":0.0610517598,"xacc":33.9289108861,"yacc":14.4966474077,"yaw":1.818490411,"yawspeed":0.0378238312,"zacc":39.8067345136}}}